,mean_test_score,std_test_score,mean_train_score,std_train_score,holdout_test_score
0,0.22430338029746374,0.01087038236398217,0.2245832564506418,0.0026298116622879768,0.2222222222222222
