,mean_test_score,std_test_score,mean_train_score,std_train_score,holdout_test_score
0,0.17544636541978476,0.008104220222109106,0.17998545568227586,0.004932435025625734,0.17647058823529413
