,mean_test_score,std_test_score,mean_train_score,std_train_score,holdout_test_score
0,0.1734437015816489,0.00699787188109128,0.17875475863796605,0.004683039075844374,0.17647058823529413
