,mean_test_score,std_test_score,mean_train_score,std_train_score,holdout_test_score
0,0.23138372146335806,0.019357462155803223,0.23923430234182236,0.005434280582265755,0.2369281045751634
